INSERT INTO "DBVACCINE"."TB_BASIC_VACCINATION"("DESCRIPTION")
values ('Dose única');
INSERT INTO "DBVACCINE"."TB_BASIC_VACCINATION"("DESCRIPTION")
values ('2 doses');
INSERT INTO "DBVACCINE"."TB_BASIC_VACCINATION"("DESCRIPTION")
values ('3 doses');


INSERT INTO "DBVACCINE"."TB_COMPOSITION"("DESCRIPTION")
values ('Bactéria viva atenuada');
INSERT INTO "DBVACCINE"."TB_COMPOSITION"("DESCRIPTION")
values ('Partícula da cápsula do vírus antígeno de superfície');
INSERT INTO "DBVACCINE"."TB_COMPOSITION"("DESCRIPTION")
values ('Vírus inativado tipos I, II, e III');
INSERT INTO "DBVACCINE"."TB_COMPOSITION"("DESCRIPTION")
values ('Vírus vivo atenuado tipos I e III');
INSERT INTO "DBVACCINE"."TB_COMPOSITION"("DESCRIPTION")
values ('Bactéria morta e produto de toxinas. Polissacarídeo do Hib, conjugado a uma proteína/ antígeno de superfície de  HB');
INSERT INTO "DBVACCINE"."TB_COMPOSITION"("DESCRIPTION")
values ('Polissacarídeo capsular de 10 sorotipos pneumococos');
INSERT INTO "DBVACCINE"."TB_COMPOSITION"("DESCRIPTION")
values ('Oligossacarídeo conjugado com a proteína CRM (197)');
INSERT INTO "DBVACCINE"."TB_COMPOSITION"("DESCRIPTION")
values ('Vírus vivo atenuado');
INSERT INTO "DBVACCINE"."TB_COMPOSITION"("DESCRIPTION")
values ('Culturas celulares em inativadas pela formalina');
INSERT INTO "DBVACCINE"."TB_COMPOSITION"("DESCRIPTION")
values ('Bactéria morta e produto de bactéria (Toxina)');
INSERT INTO "DBVACCINE"."TB_COMPOSITION"("DESCRIPTION")
values ('Produto de bactéria (Toxina)');


INSERT INTO "DBVACCINE"."TB_SIDE_EFFECT"("DESCRIPTION")
values ('Reações locais e/ou regionais. Granuloma. Úlcera>1 cm, abscesso, linfadenopatias regionais.');
INSERT INTO "DBVACCINE"."TB_SIDE_EFFECT"("DESCRIPTION")
values ('Reações  locais. Febre, cefaleia, fadiga, púrpura. desconforto gastrointerite leve.');
INSERT INTO "DBVACCINE"."TB_SIDE_EFFECT"("DESCRIPTION")
values ('Reações  locais. Febre, reações hipersensibilidade.');
INSERT INTO "DBVACCINE"."TB_SIDE_EFFECT"("DESCRIPTION")
values ('Poliomielite associada ao vírus vacinal – VAPP.');
INSERT INTO "DBVACCINE"."TB_SIDE_EFFECT"("DESCRIPTION")
values ('Irritabilidade, vômito e diarreia moderados. Invaginação intestinal.');
INSERT INTO "DBVACCINE"."TB_SIDE_EFFECT"("DESCRIPTION")
values ('Reações locais,  febre, sonolência, vômito, irritabilidade, choro persistente, EHH, convulsão e reações imunoalérgicas.');
INSERT INTO "DBVACCINE"."TB_SIDE_EFFECT"("DESCRIPTION")
values ('Reações  locais. Febre, irritabilidade, sonolência, perda de apetite, convulsões, EHH.');
INSERT INTO "DBVACCINE"."TB_SIDE_EFFECT"("DESCRIPTION")
values ('Reações  locais. Febre, irritabilidade, sonolência, cefaleia, diarreia e vômito.');
INSERT INTO "DBVACCINE"."TB_SIDE_EFFECT"("DESCRIPTION")
values ('Reações locais. Febre, mialgia, cefaleia.  D. Viscerotrópica. Aguda.');
INSERT INTO "DBVACCINE"."TB_SIDE_EFFECT"("DESCRIPTION")
values ('Febre, cefaleia, exantema, artralgia, artrite, púrpura');
INSERT INTO "DBVACCINE"."TB_SIDE_EFFECT"("DESCRIPTION")
values ('EAPV da SCR + reação local, vesículas local aplicação, maculopapulas ou');
INSERT INTO "DBVACCINE"."TB_SIDE_EFFECT"("DESCRIPTION")
values ('Reações locais. Febre, diarreia, vômito,');
INSERT INTO "DBVACCINE"."TB_SIDE_EFFECT"("DESCRIPTION")
values ('Reações locais. Febre, sonolência, vômito, choro persistente, irritabilidade, EHH, convulsão e reações imunoalérgicas.');
INSERT INTO "DBVACCINE"."TB_SIDE_EFFECT"("DESCRIPTION")
values ('Reações locais. Nódulos, febre, cefaleia, sonolência, vômito e linfonodomegalia.');


INSERT INTO "DBVACCINE"."TB_APPLICATION_LOCATION"("DESCRIPTION")
values ('Inserção inferior do músculo deltoide direito');
INSERT INTO "DBVACCINE"."TB_APPLICATION_LOCATION"("DESCRIPTION")
values ('Cavidade  oral');
INSERT INTO "DBVACCINE"."TB_APPLICATION_LOCATION"("DESCRIPTION")
values ('Região deltoideana');
INSERT INTO "DBVACCINE"."TB_APPLICATION_LOCATION"("DESCRIPTION")
values ('Vasto lateral da coxa esquerda');
INSERT INTO "DBVACCINE"."TB_APPLICATION_LOCATION"("DESCRIPTION")
values ('Vasto lateral da coxa direita');
INSERT INTO "DBVACCINE"."TB_APPLICATION_LOCATION"("DESCRIPTION")
values ('Deltoide, vasto lateral da coxa direita');


INSERT INTO "DBVACCINE"."TB_ROUTE_ADMINISTRATION"("DESCRIPTION")
values ('Intradérmica (ID)');
INSERT INTO "DBVACCINE"."TB_ROUTE_ADMINISTRATION"("DESCRIPTION")
values ('Intramuscular (IM)');
INSERT INTO "DBVACCINE"."TB_ROUTE_ADMINISTRATION"("DESCRIPTION")
values ('Oral (VO)');
INSERT INTO "DBVACCINE"."TB_ROUTE_ADMINISTRATION"("DESCRIPTION")
values ('Subcutânea (SC)');


INSERT INTO "DBVACCINE"."TB_VALIDITY_AFTER_OPEN"("DESCRIPTION")
values ('6 horas (multidose)');
INSERT INTO "DBVACCINE"."TB_VALIDITY_AFTER_OPEN"("DESCRIPTION")
values ('10 e/ou 15 dias (multidose)');
INSERT INTO "DBVACCINE"."TB_VALIDITY_AFTER_OPEN"("DESCRIPTION")
values ('7 dias (multidose)');
INSERT INTO "DBVACCINE"."TB_VALIDITY_AFTER_OPEN"("DESCRIPTION")
values ('5 dias e/ou 4 semanas (multidose)');
INSERT INTO "DBVACCINE"."TB_VALIDITY_AFTER_OPEN"("DESCRIPTION")
values ('Uso imediato (monodose)');
INSERT INTO "DBVACCINE"."TB_VALIDITY_AFTER_OPEN"("DESCRIPTION")
values ('Uso imediato após preparo (monodose)');
INSERT INTO "DBVACCINE"."TB_VALIDITY_AFTER_OPEN"("DESCRIPTION")
values ('Uso imediato após reconstituição (monodose)');
INSERT INTO "DBVACCINE"."TB_VALIDITY_AFTER_OPEN"("DESCRIPTION")
values ('6 e/ou 8 horas (multidose)');
INSERT INTO "DBVACCINE"."TB_VALIDITY_AFTER_OPEN"("DESCRIPTION")
values ('Uso imediato após reconstituição (monodose)');
INSERT INTO "DBVACCINE"."TB_VALIDITY_AFTER_OPEN"("DESCRIPTION")
values ('15 dias (multidose)');


INSERT INTO "DBVACCINE"."TB_NEEDLE"("DESCRIPTION")
values ('13x3,8');
INSERT INTO "DBVACCINE"."TB_NEEDLE"("DESCRIPTION")
values ('20x5,5 25x6');
INSERT INTO "DBVACCINE"."TB_NEEDLE"("DESCRIPTION")
values ('13x4,5');
INSERT INTO "DBVACCINE"."TB_NEEDLE"("DESCRIPTION")
values ('25x6');


INSERT INTO "DBVACCINE"."TB_DISEASE"("DESCRIPTION")
values ('Tuberculose');
INSERT INTO "DBVACCINE"."TB_DISEASE"("DESCRIPTION")
values ('Hepatite B');
INSERT INTO "DBVACCINE"."TB_DISEASE"("DESCRIPTION")
values ('Poliomielite');
INSERT INTO "DBVACCINE"."TB_DISEASE"("DESCRIPTION")
values ('Diarreia por Rotavírus');
INSERT INTO "DBVACCINE"."TB_DISEASE"("DESCRIPTION")
values ('Difteria, Tétano, Coqueluche. Meningite por Haemophilus Influenzae b, Hepatite B');
INSERT INTO "DBVACCINE"."TB_DISEASE"("DESCRIPTION")
values ('Pneumonias, Meningites, Otites, Sinusites pelos sorotipos que compõem a vacina');
INSERT INTO "DBVACCINE"."TB_DISEASE"("DESCRIPTION")
values ('Meningite Tipo C');
INSERT INTO "DBVACCINE"."TB_DISEASE"("DESCRIPTION")
values ('Febre Amarela (4)');
INSERT INTO "DBVACCINE"."TB_DISEASE"("DESCRIPTION")
values ('Sarampo Caxumba Rubéola');
INSERT INTO "DBVACCINE"."TB_DISEASE"("DESCRIPTION")
values ('Sarampo Caxumba Rubéola + Varicela');
INSERT INTO "DBVACCINE"."TB_DISEASE"("DESCRIPTION")
values ('Hepatite A');
INSERT INTO "DBVACCINE"."TB_DISEASE"("DESCRIPTION")
values ('Difteria Tétano Coqueluche');
INSERT INTO "DBVACCINE"."TB_DISEASE"("DESCRIPTION")
values ('Difteria e Tétano');


INSERT INTO "DBVACCINE"."TB_REINFORCEMENT" ("ID_REINFORCEMENT", "REINFORCEMENT", "DESCRIPTION")
VALUES ('1', 0, 'Depende da indicação (1)');
INSERT INTO "DBVACCINE"."TB_REINFORCEMENT" ("ID_REINFORCEMENT", "REINFORCEMENT", "DESCRIPTION")
VALUES ('2', 15, '1º  ref. 15 meses');
INSERT INTO "DBVACCINE"."TB_REINFORCEMENT" ("ID_REINFORCEMENT", "REINFORCEMENT", "DESCRIPTION")
VALUES ('3', 48, '4 anos de idade');
INSERT INTO "DBVACCINE"."TB_REINFORCEMENT" ("ID_REINFORCEMENT", "REINFORCEMENT", "DESCRIPTION")
VALUES ('4', 15, '15 meses com Tetra Viral');
INSERT INTO "DBVACCINE"."TB_REINFORCEMENT" ("ID_REINFORCEMENT", "REINFORCEMENT", "DESCRIPTION")
VALUES ('5', 12, '12 meses');
INSERT INTO "DBVACCINE"."TB_REINFORCEMENT" ("ID_REINFORCEMENT", "REINFORCEMENT", "DESCRIPTION")
VALUES ('6', 120, 'A cada 10 anos. Ferimentos graves a cada 5 anos');


INSERT INTO "DBVACCINE"."TB_RECOMMENDED_AGE" ("ID_RECOMMENDED_AGE", "RECOMMENDED_AGE", "DESCRIPTION")
VALUES ('1', 0, 'Ao nascer');
INSERT INTO "DBVACCINE"."TB_RECOMMENDED_AGE" ("ID_RECOMMENDED_AGE", "RECOMMENDED_AGE", "DESCRIPTION")
VALUES ('2', 2, '2 meses');
INSERT INTO "DBVACCINE"."TB_RECOMMENDED_AGE" ("ID_RECOMMENDED_AGE", "RECOMMENDED_AGE", "DESCRIPTION")
VALUES ('3', 15, '15 meses');
INSERT INTO "DBVACCINE"."TB_RECOMMENDED_AGE" ("ID_RECOMMENDED_AGE", "RECOMMENDED_AGE", "DESCRIPTION")
VALUES ('4', 1, '1ª dose: 1 mês e 15 dias');
INSERT INTO "DBVACCINE"."TB_RECOMMENDED_AGE" ("ID_RECOMMENDED_AGE", "RECOMMENDED_AGE", "DESCRIPTION")
VALUES ('5', 3, '2ª dose: 3 meses e 15 dias');
INSERT INTO "DBVACCINE"."TB_RECOMMENDED_AGE" ("ID_RECOMMENDED_AGE", "RECOMMENDED_AGE", "DESCRIPTION")
VALUES ('6', 9, '9 meses');
INSERT INTO "DBVACCINE"."TB_RECOMMENDED_AGE" ("ID_RECOMMENDED_AGE", "RECOMMENDED_AGE", "DESCRIPTION")
VALUES ('7', 12, '12 meses');
INSERT INTO "DBVACCINE"."TB_RECOMMENDED_AGE" ("ID_RECOMMENDED_AGE", "RECOMMENDED_AGE", "DESCRIPTION")
VALUES ('8', 84, '7 anos');


INSERT INTO "DBVACCINE"."TB_DOSAGE" ("ID_RECOMMENDED_AGE", "ID_REINFORCEMENT", "DESCRIPTION")
VALUES ('1', '1', '0.1 ML TUBERCULOSE');
INSERT INTO "DBVACCINE"."TB_DOSAGE" ("ID_RECOMMENDED_AGE", "ID_REINFORCEMENT", "DESCRIPTION")
VALUES ('1', '1', '0.5 ML HEPATITE B');
INSERT INTO "DBVACCINE"."TB_DOSAGE" ("ID_RECOMMENDED_AGE", "ID_REINFORCEMENT", "DESCRIPTION")
VALUES ('2', '1', '0.5 ML Poliomielite');
INSERT INTO "DBVACCINE"."TB_DOSAGE" ("ID_RECOMMENDED_AGE", "ID_REINFORCEMENT", "DESCRIPTION")
VALUES ('3', '2', '2 gotas Poliomielite atenuada');
INSERT INTO "DBVACCINE"."TB_DOSAGE" ("ID_RECOMMENDED_AGE", "ID_REINFORCEMENT", "DESCRIPTION")
VALUES ('4', '2', '1.5 ML  Rotavirus');
INSERT INTO "DBVACCINE"."TB_DOSAGE" ("ID_RECOMMENDED_AGE", "ID_REINFORCEMENT", "DESCRIPTION")
VALUES ('2', '3', '0.5 ML DTP');
INSERT INTO "DBVACCINE"."TB_DOSAGE" ("ID_RECOMMENDED_AGE", "ID_REINFORCEMENT", "DESCRIPTION")
VALUES ('2', '5', '0.5 ML Pneumocócica');
INSERT INTO "DBVACCINE"."TB_DOSAGE" ("ID_RECOMMENDED_AGE", "ID_REINFORCEMENT", "DESCRIPTION")
VALUES ('5', '5', '0.5 ML Meningocócica ');
INSERT INTO "DBVACCINE"."TB_DOSAGE" ("ID_RECOMMENDED_AGE", "ID_REINFORCEMENT", "DESCRIPTION")
VALUES ('6', '3', '0.5 ML Febre Amarela');
INSERT INTO "DBVACCINE"."TB_DOSAGE" ("ID_RECOMMENDED_AGE", "ID_REINFORCEMENT", "DESCRIPTION")
VALUES ('7', '4', '0.5 ML Sarampo, Caxumba, Rubéola ');
INSERT INTO "DBVACCINE"."TB_DOSAGE" ("ID_RECOMMENDED_AGE", "ID_REINFORCEMENT", "DESCRIPTION")
VALUES ('3', '4', '0.5 ML Sarampo, Caxumba, Rubéola Varicela');
INSERT INTO "DBVACCINE"."TB_DOSAGE" ("ID_RECOMMENDED_AGE", "ID_REINFORCEMENT", "DESCRIPTION")
VALUES ('3', '4', '0.5 ML HEPATITE A');
INSERT INTO "DBVACCINE"."TB_DOSAGE" ("ID_RECOMMENDED_AGE", "ID_REINFORCEMENT", "DESCRIPTION")
VALUES ('3', '4', '0.5 ML Difteria, Tétano, Pertussis');
INSERT INTO "DBVACCINE"."TB_DOSAGE" ("ID_RECOMMENDED_AGE", "ID_REINFORCEMENT", "DESCRIPTION")
VALUES ('8', '6', 'Difteria, Tétano (dT)');



